{
 "order": [
  {
   "count": 5,
   "date": "20.12.2020",
   "id": 1,
   "id_tovar": 4
  },
  {
   "count": 1,
   "date": "25.11.2021",
   "id": 1,
   "id_tovar": 4
  },
  {
   "count": 12,
   "date": "20.12.2018",
   "id": 1,
   "id_tovar": 4
  }
 ],
 "tovar": [
  {
   "id": 4,
   "name": "RTX 3080",
   "number": 22,
   "price": 129999
  },
  {
   "id": 4,
   "name": "RTX 3070",
   "number": 30,
   "price": 109999
  },
  {
   "id": 4,
   "name": "RX 6900XT",
   "number": 34,
   "price": 109998
  },
  {
   "id": 4,
   "name": "RTX 3060",
   "number": 5,
   "price": 12
  },
  {
   "id": 4,
   "name": "RTX 3050",
   "number": 123,
   "price": 12000
  },
  {
   "id": 1,
   "name": "RX 6800",
   "number": 4,
   "price": 3
  },
  {
   "id": 1,
   "name": "RX6700XT",
   "number": 5,
   "price": 42345
  },
  {
   "id": 1,
   "name": "RX5700XT",
   "number": 3,
   "price": 23400
  }
 ]
}
